id,name,description,created_at
1,Public_1,Analysis mention spring follow.,2024-05-02
2,Public_2,Debate must voice building degree ground community I.,2023-05-28
3,Public_3,Defense detail price everything perhaps analysis.,2025-02-10
4,Public_4,Feeling out work big movie wrong.,2025-01-03
5,Public_5,Edge behind food piece.,2023-08-15
6,Public_6,Forward play this fish.,2025-01-04
7,Public_7,Attack adult treatment large memory score me.,2024-07-27
8,Public_8,Discussion pattern to.,2023-05-20
9,Public_9,Serious people art hear father charge.,2023-01-26
10,Public_10,Draw rise write.,2023-10-15
11,Public_11,Care fish skin always social increase.,2024-11-22
12,Public_12,Director run garden.,2023-01-27
13,Public_13,Trade professor eat.,2024-07-08
14,Public_14,Part high focus kind accept.,2025-01-24
15,Public_15,West appear yeah voice.,2022-10-31
16,Public_16,Or story use door.,2022-09-09
17,Public_17,Find return each computer eat experience large.,2024-05-12
18,Public_18,Television loss week growth help.,2023-11-13
19,Public_19,Measure same set standard soldier after.,2023-08-08
20,Public_20,Serve TV organization check.,2024-08-20
21,Public_21,Herself figure exist no lose.,2023-06-16
22,Public_22,Cultural trouble above technology room hear identify.,2023-09-14
23,Public_23,Wife health majority political open impact.,2022-07-28
24,Public_24,His not create job.,2023-03-22
25,Public_25,Meeting major read recent prepare unit.,2024-08-30
26,Public_26,Local TV guess religious agreement.,2024-06-14
27,Public_27,End lay race effect.,2024-04-05
28,Public_28,Activity side popular true.,2023-08-25
29,Public_29,Wind ball travel then coach interview reality may.,2024-01-21
30,Public_30,Only safe sell under thank body.,2024-03-04
31,Public_31,Sport especially decide security recognize according.,2022-12-17
32,Public_32,Ability attorney recent modern pressure run color.,2023-07-31
33,Public_33,Cup consider way late.,2024-11-24
34,Public_34,Cut seek speak court.,2025-05-28
35,Public_35,Key tree body player bag beat.,2022-10-30
36,Public_36,Garden one long pull.,2022-10-04
37,Public_37,Entire western program smile.,2022-07-31
38,Public_38,Mission account owner would seven.,2025-04-02
39,Public_39,Series page from radio gas firm dream.,2023-07-16
40,Public_40,Her arm green form beyond lead.,2024-07-20
41,Public_41,Agent but most week.,2024-09-16
42,Public_42,Happy peace probably little including.,2023-01-07
43,Public_43,Admit growth animal space for know.,2024-04-11
44,Public_44,School soldier give voice walk live.,2024-06-06
45,Public_45,Safe family crime century.,2024-01-06
46,Public_46,Size respond all marriage beautiful strategy you.,2025-06-01
47,Public_47,Collection land break production drive deep send.,2024-06-08
48,Public_48,Black year ahead upon.,2023-06-08
49,Public_49,Short detail election live today but.,2022-11-11
50,Public_50,Plant man somebody four difference office under.,2022-08-25
51,Public_51,Help response save high politics no.,2025-01-09
52,Public_52,Difference break because become scientist.,2025-04-08
53,Public_53,Of camera finish herself.,2024-08-31
54,Public_54,Artist movie suggest woman floor.,2023-07-21
55,Public_55,Mind own develop house.,2024-01-26
56,Public_56,Firm staff father despite quite challenge exist.,2024-09-11
57,Public_57,Out final wrong.,2022-10-29
58,Public_58,Long stock manager region heavy wonder four.,2024-12-09
59,Public_59,Summer various different save type.,2024-10-13
60,Public_60,Road federal spring treatment city again hot.,2023-09-21
61,Public_61,Wrong serious hospital month executive recent crime.,2025-01-09
62,Public_62,Best food social tend approach various.,2023-05-15
63,Public_63,Officer kind lot today.,2023-01-31
64,Public_64,Same across rise offer question.,2025-06-03
65,Public_65,Heavy work quickly collection.,2022-08-16
66,Public_66,Wind conference appear woman practice order.,2025-05-13
67,Public_67,Reveal each budget however few other common seat.,2024-10-13
68,Public_68,Sing ten practice every.,2024-05-31
69,Public_69,Activity bring business political training different.,2024-03-20
70,Public_70,Look really behind or himself yourself reflect.,2023-05-09
71,Public_71,Between as training somebody.,2023-01-04
72,Public_72,Hour stage situation.,2024-01-17
73,Public_73,Million once research so.,2022-10-30
74,Public_74,Whole today Congress out conference.,2024-02-13
75,Public_75,But can deal claim none surface.,2022-07-24
76,Public_76,Media hair name institution.,2025-04-16
77,Public_77,Eat animal watch.,2025-03-03
78,Public_78,Process knowledge officer reason mission.,2025-05-31
79,Public_79,Paper member reach production and already.,2022-11-18
80,Public_80,Whatever own democratic grow campaign.,2024-04-28
81,Public_81,Near end power clear.,2023-10-28
82,Public_82,Put vote century data picture.,2023-04-07
83,Public_83,Research nor positive memory clearly.,2024-12-02
84,Public_84,Yeah its ago page back by.,2022-10-14
85,Public_85,Image forget become training sing chair something.,2023-04-11
86,Public_86,Help why her bit.,2025-03-26
87,Public_87,Money then open southern.,2022-09-28
88,Public_88,Red tend necessary parent to color.,2025-04-18
89,Public_89,Congress south question small necessary think.,2023-08-31
90,Public_90,Camera act message choice call her save apply.,2024-08-19
91,Public_91,Religious eat participant religious consumer worry.,2024-11-07
92,Public_92,Expert weight minute responsibility under director player.,2022-09-19
93,Public_93,Image fine bed bag role.,2025-04-16
94,Public_94,Offer be experience upon.,2024-11-17
95,Public_95,While interest meet.,2024-08-24
96,Public_96,Marriage rate quality mother by add couple.,2024-12-13
97,Public_97,Research reflect see.,2023-03-10
98,Public_98,Range amount large collection us shake tough.,2022-12-24
99,Public_99,Style message weight institution here health.,2022-10-18
100,Public_100,Story surface tax face low.,2023-04-02
101,Public_101,Scene notice design.,2023-05-16
102,Public_102,Stay along leg pay major green past.,2023-06-11
103,Public_103,Blue glass reveal I across issue.,2023-01-18
104,Public_104,Method child buy maintain choose prevent difficult.,2023-08-23
105,Public_105,Hair throughout movie especially writer.,2024-06-04
106,Public_106,Class government its grow that cup.,2023-01-09
107,Public_107,Card inside former.,2022-07-20
108,Public_108,Way where work budget major.,2023-12-11
109,Public_109,Foot share think maybe.,2025-03-24
110,Public_110,Capital whatever society call general add.,2024-07-05
111,Public_111,Question garden with.,2024-09-01
112,Public_112,Lose executive bar investment pay role.,2023-01-06
113,Public_113,Short ten yes easy star.,2023-01-19
114,Public_114,Red maybe Congress yeah.,2024-03-24
115,Public_115,Director car although wrong.,2025-03-30
116,Public_116,Adult current ten herself modern record.,2025-05-25
117,Public_117,From look member popular fight.,2023-04-07
118,Public_118,Wall represent east time consider.,2022-06-16
119,Public_119,Deep line training beyond continue way.,2023-07-19
120,Public_120,Born protect raise side candidate.,2023-07-16
121,Public_121,Sea open painting draw every once.,2022-09-19
122,Public_122,Candidate sea build only.,2025-03-11
123,Public_123,Cover knowledge better walk people.,2023-05-12
124,Public_124,Writer dark result analysis court nearly education.,2025-02-01
125,Public_125,Window thus large response treat attack industry.,2025-04-01
126,Public_126,So cold ever whose face what article.,2025-05-16
127,Public_127,Scientist however range that will.,2022-12-14
128,Public_128,His single husband even contain civil design.,2024-07-18
129,Public_129,Lay remain modern field detail remain need.,2022-12-20
130,Public_130,Move factor policy.,2025-04-13
131,Public_131,Until establish so politics eat.,2024-12-04
132,Public_132,Break possible plan win foot watch this.,2023-04-01
133,Public_133,Impact particularly foot arm.,2024-11-26
134,Public_134,Despite whole computer will Mr without.,2024-10-15
135,Public_135,Blood second high president thank plant nearly stage.,2023-02-12
136,Public_136,Daughter picture teach house land.,2024-08-23
137,Public_137,Happy total behavior consider continue television.,2023-01-08
138,Public_138,Wall Congress example financial those stage reach.,2023-01-07
139,Public_139,Author early training wife.,2022-10-03
140,Public_140,Case seek activity between himself body add.,2024-12-12
141,Public_141,Car show environment.,2025-04-09
142,Public_142,Add whom whatever blood save full religious dark.,2023-11-24
143,Public_143,Throughout spring film look during myself environment.,2024-02-01
144,Public_144,Stay bill father.,2023-12-28
145,Public_145,Center treatment agency interview challenge pretty.,2023-02-18
146,Public_146,Rather resource top man yard different.,2025-04-29
147,Public_147,Ground past brother type turn.,2025-02-21
148,Public_148,Character investment friend consider interesting throw reach person.,2023-04-26
149,Public_149,Even material hard enter.,2025-03-06
150,Public_150,Small technology within sing.,2022-11-23
151,Public_151,Hospital return size long.,2022-08-28
152,Public_152,Into risk certain follow camera should good.,2023-12-09
153,Public_153,Really including soldier four soon president early.,2023-09-17
154,Public_154,Much manage movie discover base resource money.,2024-10-14
155,Public_155,Reflect dog able yes admit.,2024-02-17
156,Public_156,Tv arrive glass support.,2025-01-20
157,Public_157,Far century table will.,2025-03-12
158,Public_158,Decision different section bring receive.,2022-11-19
159,Public_159,Receive interesting approach.,2022-10-10
160,Public_160,Available study that air half bad baby notice.,2024-11-23
161,Public_161,She like cell month.,2025-04-20
162,Public_162,In front sit receive expert choose thing.,2022-07-21
163,Public_163,Me action strategy quite.,2025-01-31
164,Public_164,Represent election occur fill dinner use even.,2022-09-24
165,Public_165,Within by deep people despite contain.,2024-09-10
166,Public_166,Painting baby realize local present if herself.,2022-08-14
167,Public_167,Position crime board back owner suggest.,2022-07-16
168,Public_168,Clear blood deep action travel.,2023-01-07
169,Public_169,Point allow especially with north.,2024-02-23
170,Public_170,Animal fire want across ground executive huge.,2023-01-15
171,Public_171,Rise wind reflect best imagine scientist.,2022-10-04
172,Public_172,Age somebody local than.,2022-07-26
173,Public_173,Charge leg those behavior.,2024-08-11
174,Public_174,Space pressure shoulder claim white.,2024-01-02
175,Public_175,Prepare us game size fund growth task issue.,2025-02-16
176,Public_176,Dream young parent when note yes.,2022-09-30
177,Public_177,Central that natural.,2025-05-12
178,Public_178,Material lawyer college fast.,2022-08-29
179,Public_179,Guy become condition sign election list eight.,2025-01-31
180,Public_180,Vote will major guy.,2023-04-26
181,Public_181,Tax true can happen suddenly weight.,2023-07-30
182,Public_182,Media enjoy then radio per popular.,2024-09-05
183,Public_183,Record night choice black heart.,2024-03-01
184,Public_184,Development them protect give.,2023-11-11
185,Public_185,Too let beat rule true two should.,2023-01-20
186,Public_186,Ask garden page defense scientist boy.,2023-10-27
187,Public_187,Choose like policy floor all over herself.,2025-04-07
188,Public_188,Smile without degree deep age serve.,2023-09-22
189,Public_189,Player base attorney if fear.,2024-08-04
190,Public_190,Modern prove else store begin top.,2023-06-25
191,Public_191,Clearly glass industry little read.,2022-12-09
192,Public_192,Great realize home act situation others.,2022-09-09
193,Public_193,Pattern food worry voice sea say first character.,2023-10-31
194,Public_194,Material first society purpose.,2023-03-31
195,Public_195,Write wall tax.,2024-05-11
196,Public_196,Best despite without information national coach help girl.,2025-04-24
197,Public_197,Western have hair few film standard by.,2023-12-15
198,Public_198,Increase goal stock international wind from unit.,2023-10-31
199,Public_199,Computer organization myself high suddenly read.,2023-10-08
200,Public_200,Reduce visit town between because.,2024-12-19
