id,name,email,created_at
1,Allison Hill,donaldgarcia@example.net,2025-02-17
2,Javier Johnson,jesseguzman@example.net,2023-01-19
3,Kimberly Robinson,lisa02@example.net,2023-09-22
4,Daniel Gallagher,daviscolin@example.com,2024-04-07
5,Monica Herrera,smiller@example.net,2024-04-23
6,Laura Bush,stanleykendra@example.org,2025-01-08
7,Jamie Chavez,francisco53@example.net,2023-04-04
8,Maria Lynch,amandasanchez@example.com,2023-08-05
9,Margaret Hawkins DDS,perezantonio@example.com,2023-08-29
10,Thomas Bradley,jason76@example.net,2023-10-31
11,David Hoffman,julie69@example.com,2023-07-17
12,Brenda Snyder PhD,hernandezernest@example.net,2023-09-21
13,James Ferrell,tasha01@example.net,2025-02-09
14,Patricia Peterson,ryan70@example.net,2025-01-30
15,Jonathan White,harrellkenneth@example.net,2023-12-24
16,James Martin,georgetracy@example.org,2025-03-30
17,Sandra Parker,allenashley@example.org,2022-09-17
18,Mr. Philip Cannon,donnaarroyo@example.org,2023-04-02
19,Jenny Lewis,jenniferross@example.net,2024-05-28
20,Joseph Martinez,calebsmith@example.net,2023-02-23
21,Benjamin Welch,carlosjohnson@example.com,2022-09-01
22,Michael Lewis,jenniferkhan@example.net,2023-11-16
23,Rhonda Lee,hopkinsmichael@example.com,2023-11-09
24,Megan Joyce,brownjessica@example.org,2023-03-15
25,Jerry Henderson,steven17@example.net,2022-10-01
26,Kimberly Smith,housemelinda@example.org,2023-09-04
27,Dr. Steven Martin,gallowayjoseph@example.com,2023-04-24
28,Monica Logan,smoore@example.org,2025-05-12
29,Kimberly Adkins,williamsthomas@example.net,2022-12-05
30,Angela Lopez,leonardjoe@example.org,2025-04-12
31,Lauren Williams,barnesbrandy@example.net,2023-05-28
32,Michael Edwards,randy47@example.com,2025-03-30
33,Alexandra Howell,jonesjason@example.com,2022-11-08
34,Benjamin Sanchez,eric84@example.net,2025-05-29
35,Kendra Contreras,sarah12@example.com,2022-10-20
36,Juan Nelson,jenniferharris@example.net,2025-01-05
37,Danielle Odonnell,davisrodney@example.com,2022-08-03
38,Carlos Whitney,joycearnold@example.com,2024-02-20
39,Tony Vazquez,amydavenport@example.net,2024-02-11
40,Andrew Diaz,nolanjason@example.org,2024-06-15
41,Justin Baxter,sarayoung@example.org,2025-05-20
42,Sierra Johnson,kimberly63@example.com,2022-12-07
43,Janet Williams,dwalker@example.com,2023-05-16
44,Crystal Johnson,raymondramirez@example.org,2025-05-10
45,Martin Ross,sheila14@example.org,2024-03-13
46,Mrs. Linda Reed,samuel81@example.com,2025-02-25
47,Andrew Graham,michaeljones@example.net,2025-03-21
48,Mary Martinez,william65@example.com,2024-07-19
49,Cheryl Ortega,lbyrd@example.net,2024-02-29
50,Roy Torres,russellcarpenter@example.net,2023-06-04
51,Michael Dixon,donnacampbell@example.net,2024-05-09
52,Robert Potter,jeffrey32@example.org,2022-08-05
53,Miss Patricia Gibson,jennifercruz@example.com,2023-03-10
54,Abigail Potter,osbornejeffery@example.net,2024-01-04
55,David Charles,danderson@example.net,2024-01-19
56,Emily Fischer,usalazar@example.net,2023-09-26
57,Jill Moore,wcole@example.org,2024-12-22
58,Richard Washington,joshuajones@example.com,2023-02-28
59,Steven Miller,jessebenson@example.net,2023-02-05
60,Gary Owens,clarkrobert@example.net,2025-04-17
61,Spencer Johnston,wsmith@example.com,2024-09-18
62,Tiffany Barnes,tracynelson@example.com,2022-07-17
63,Michael Powell,marycalhoun@example.net,2024-01-22
64,Leslie Alvarado,dayderek@example.com,2023-01-01
65,Garrett Gibson,kathleen64@example.com,2023-03-19
66,Alec Ryan,jeffrey10@example.org,2025-04-21
67,Alex Hernandez,thomaswilson@example.org,2023-11-07
68,Jacob Obrien,stricklandfrank@example.com,2022-10-12
69,Eric Byrd,tsanders@example.org,2022-09-07
70,Lori Garcia,melissa91@example.net,2024-10-20
71,Jeffrey Wood,alexander67@example.org,2023-10-04
72,Steven Stevens,ryangross@example.net,2023-04-08
73,Kimberly Webb,lpetersen@example.com,2023-06-04
74,Timothy Ramirez,dsanchez@example.net,2024-04-14
75,Allen Rosales,tonykelly@example.com,2023-06-24
76,Meredith Hill,blackjames@example.org,2024-08-13
77,Peter Vaughn DDS,bwest@example.org,2023-05-04
78,David Beck,thomas85@example.com,2025-06-12
79,Heather Chavez,john13@example.com,2022-10-25
80,Pamela Lopez,joannahill@example.net,2025-05-21
81,Diane Garcia,kennethward@example.com,2022-07-01
82,Denise Mccann,heidi27@example.org,2025-01-27
83,Julie Alexander,tammyking@example.com,2022-10-19
84,John Ray,hernandezlisa@example.com,2022-09-17
85,Justin Butler,kimberlyjames@example.com,2023-05-07
86,Jessica Carroll,lynchjody@example.org,2024-05-01
87,Brad Allen,moorericky@example.net,2024-03-27
88,David Mann,ojones@example.com,2024-10-26
89,Mary Peck,owilson@example.net,2022-11-26
90,Charles Brown,brooke94@example.com,2022-10-30
91,Melissa Bender,mkim@example.org,2025-02-14
92,Lindsey Johnson,suzannehuff@example.net,2024-03-20
93,Phillip Underwood,hinesgregory@example.net,2024-05-30
94,Catherine Richards,ecosta@example.com,2023-09-06
95,Brian Martin,ssteele@example.net,2025-04-16
96,Krista Gibson,johnny16@example.net,2024-12-06
97,Sean Murray,lopezmichael@example.com,2024-05-01
98,Christina Dunn,samuel71@example.org,2025-05-17
99,Cynthia Moore,tranchristopher@example.org,2023-11-03
100,Ronnie Jimenez,william46@example.com,2025-05-25
101,Juan Reyes,michellehill@example.com,2023-06-23
102,Debra Smith,mary97@example.org,2023-10-18
103,Mr. Phillip Bennett,molly39@example.com,2023-02-26
104,Amanda Garner,qhughes@example.net,2025-05-25
105,Andrew Shaw MD,sawyerscott@example.net,2025-03-09
106,Charles Pitts,charlesharrington@example.com,2023-06-22
107,Marie Christian,ofinley@example.net,2025-02-12
108,Joshua Williamson II,wendy16@example.org,2024-09-26
109,Ashlee Jackson,rebecca05@example.org,2023-05-03
110,Charles Schmidt,georgemiller@example.com,2024-04-25
111,Thomas Thomas,dlittle@example.com,2024-06-15
112,Julie Roberts,charleslandry@example.net,2023-05-09
113,Melissa Bryant,james67@example.org,2023-03-02
114,Laura Haney,andrew64@example.org,2024-02-26
115,Natasha Williams,swall@example.org,2024-04-11
116,Mark Oliver,courtneyberger@example.net,2022-07-29
117,Amanda Diaz,christopherphillips@example.net,2023-09-14
118,Richard Walter,alyssa42@example.com,2025-03-13
119,Tracy Phillips,linda71@example.org,2024-09-19
120,Michael Craig,zcoffey@example.net,2023-07-21
121,Alexis Herrera,vrichardson@example.net,2023-03-30
122,Mark Watson,thomasharvey@example.net,2023-06-10
123,Maria Reid,tblankenship@example.net,2023-09-06
124,Tracy Torres,pwilson@example.net,2022-11-11
125,Michael Paul,umatthews@example.org,2025-02-10
126,Sandra Gilbert,antonio53@example.com,2023-10-16
127,Jack Pollard,amy50@example.com,2023-04-14
128,Tiffany Holloway,batesdarlene@example.net,2025-05-15
129,Gavin Zhang,caseyhubbard@example.org,2024-03-19
130,Crystal Schroeder,ramireztracey@example.org,2024-01-29
131,Ashley Delacruz,alexistyler@example.org,2024-03-22
132,Derek Martinez,vfox@example.org,2023-11-19
133,Kayla Rodriguez,soniawilliams@example.net,2024-01-08
134,Victor Brown,bboone@example.net,2022-10-12
135,Jill Lam,charlene12@example.com,2024-04-30
136,Michelle James,shawn96@example.org,2024-11-01
137,Matthew Rich,russellbeasley@example.com,2023-06-22
138,Jason Davis,qedwards@example.com,2025-04-26
139,Kara Davis,daviscolin@example.net,2023-07-29
140,Anthony Frye,elizabeth65@example.net,2025-04-12
141,Thomas Williams,caroline51@example.net,2023-12-24
142,John Boone,megan51@example.com,2024-03-06
143,Sarah Villegas,lynchdiane@example.net,2023-04-05
144,Michael Parker,michael22@example.net,2024-06-05
145,Patrick Bonilla,reesejason@example.com,2023-10-26
146,Eric Nguyen,wareeric@example.net,2022-08-09
147,Jeremy Coleman,nperry@example.net,2022-10-18
148,Douglas Gregory,trose@example.org,2023-02-12
149,Mrs. Christine Dougherty,kathrynroberts@example.org,2022-06-24
150,Casey James,vincentwhitaker@example.com,2022-09-02
151,Amanda Smith,atkinsbarbara@example.net,2023-09-02
152,Donna Sullivan,george97@example.net,2025-03-20
153,Ryan Sanchez,zwarren@example.com,2024-09-10
154,Richard Jones,schmidtjames@example.com,2023-07-05
155,Maria Hernandez,thomasjames@example.net,2022-11-30
156,Angela Bean,kmarshall@example.net,2023-10-21
157,Kristy Reid,michelle52@example.com,2022-08-29
158,Eric Hill,bellcharles@example.com,2023-10-24
159,Ronald Jones,gilbertwilliam@example.com,2024-03-13
160,Nancy Williams,marcalvarez@example.org,2025-04-30
161,Robert Monroe,wagnergerald@example.org,2024-07-30
162,Kelly Bishop MD,paul59@example.org,2024-10-27
163,Andrea Davis,umitchell@example.net,2025-05-07
164,Brittany Miller,sabrinacollins@example.net,2024-07-20
165,Kurt Hurley,angelica52@example.net,2024-07-25
166,Yolanda Gaines,lucasrodney@example.com,2022-07-05
167,Trevor Peterson,ilee@example.org,2022-09-08
168,Ashley Wise,stanleynancy@example.net,2022-11-06
169,Christopher Guerra,jenniferwilliams@example.com,2024-06-26
170,Jeremy Mitchell,pyoung@example.com,2025-05-09
171,Stephanie Lee,smurray@example.com,2023-12-19
172,Christopher Gonzalez,moniquewilliams@example.com,2025-01-29
173,Ashley Singleton,mitchellkathryn@example.com,2023-10-21
174,Sandra Davis,lisawilkerson@example.org,2023-09-13
175,James Hughes,brooksanthony@example.org,2024-12-21
176,Raven Taylor,samantha72@example.net,2023-11-12
177,Susan Smith,marydunn@example.net,2024-04-13
178,Ricardo Young,williamsrobert@example.net,2023-10-29
179,Taylor Carlson,chenbailey@example.net,2022-11-20
180,Lucas Allen,qlopez@example.org,2024-01-10
181,Troy Stephens,myerstheodore@example.net,2023-08-14
182,Paul Kelly,cooperjessica@example.net,2022-10-07
183,Nicole Anderson,amy27@example.net,2023-11-22
184,Chad Baldwin,mjohnson@example.org,2024-10-30
185,Emily Collins,ihays@example.com,2023-03-20
186,Cheryl Kelly,glennmartin@example.org,2024-11-08
187,James Gonzales,lmorgan@example.com,2024-07-13
188,Robert Adams,acostachristian@example.net,2025-06-10
189,Edward Garcia,donna47@example.net,2024-08-10
190,Jeremy West,christina64@example.net,2025-05-25
191,Angela Walsh,william20@example.org,2025-01-01
192,Jessica Martinez,kimberlydiaz@example.com,2025-04-21
193,Christian Cole,nathan19@example.org,2024-01-17
194,Matthew Wright,johnsonjacob@example.net,2023-08-14
195,Deborah Green,nlewis@example.com,2024-07-15
196,Mrs. Brandy Jones MD,zosborn@example.net,2025-05-11
197,Miss Michelle Pierce,patricia22@example.com,2023-12-25
198,Curtis Taylor,jjohnson@example.net,2023-07-25
199,Kristen Salazar,jonesraymond@example.net,2024-08-11
200,Patricia Morrow,martinezlogan@example.org,2023-10-22
201,Haley Humphrey,katrinaanderson@example.net,2025-03-10
202,Caleb Hernandez,fernandodonovan@example.org,2023-06-30
203,Stephanie Singleton,james84@example.org,2024-05-01
204,Anna Davidson,georgeweber@example.net,2023-06-21
205,Amanda Shields,williamsdarlene@example.net,2023-04-02
206,Kenneth Montgomery,jimenezcourtney@example.com,2024-05-19
207,David Aguirre,eevans@example.net,2022-08-20
208,John Harris,larryhiggins@example.net,2025-06-02
209,James Hodges,floressteven@example.com,2023-10-21
210,Anthony Dougherty,kwright@example.com,2025-04-04
211,Cheryl Moore,tjimenez@example.com,2022-07-11
212,Kathy Levy,brandywilliams@example.com,2023-12-10
213,Martha Ruiz,booneryan@example.com,2024-08-21
214,Holly Morales,michaelroberts@example.com,2023-12-20
215,Diana Hays,andersoncolin@example.com,2024-11-03
216,Todd Fischer,carriemorales@example.org,2022-08-04
217,Gary Wells,ghernandez@example.org,2023-06-10
218,Carla Ewing,brittney88@example.net,2023-12-04
219,Karen Smith,emily69@example.com,2024-11-05
220,Melissa Johnson,pbaker@example.net,2024-03-10
221,Lauren Jackson,rhernandez@example.org,2022-07-20
222,Ashley Smith,robert63@example.com,2023-12-17
223,Kaitlyn Charles,thorntonapril@example.net,2023-06-07
224,Kelly Edwards,stevepatel@example.net,2023-07-09
225,Michelle Schneider,chelsea33@example.com,2024-02-17
226,William Evans,janet75@example.com,2023-07-03
227,Rebecca Hill,berryamy@example.com,2024-11-28
228,Regina Roberts,stephanie15@example.com,2024-06-03
229,Cindy Clayton,sarah42@example.org,2024-04-20
230,Dana Santiago,danawilliams@example.com,2023-06-13
231,Michael Taylor,richarddonovan@example.com,2023-11-21
232,Victor Morris,velezchristopher@example.net,2023-02-25
233,Sarah Johnson,robertmonroe@example.org,2025-06-12
234,Jon Zuniga,nancy04@example.net,2024-04-06
235,Frances Gibson,ismall@example.net,2023-11-10
236,Brian Martin,twong@example.org,2022-07-01
237,Edward Craig,gregorychase@example.com,2024-12-08
238,Angie Caldwell,tinawoods@example.org,2022-06-23
239,Jeremy Adams,kevin90@example.com,2024-06-01
240,Amy Wilson,erik84@example.net,2022-10-22
241,Elizabeth Mendez,susanmendoza@example.com,2024-09-12
242,Jennifer Dunn,ztodd@example.net,2024-12-06
243,Melanie Larson,foxallison@example.com,2022-09-09
244,Amy Kelley,ashleyhernandez@example.com,2025-01-07
245,Michael Love,gdavis@example.com,2024-11-18
246,Jose Bryant,hansenemily@example.com,2024-08-16
247,Robert Reese,williamsmelvin@example.org,2024-01-30
248,Steven Andersen,ajohnson@example.org,2024-10-05
249,Veronica Brewer,ybrooks@example.com,2025-01-24
250,Jaime Vega,desireebailey@example.org,2025-06-08
251,Cameron Irwin,avilatiffany@example.com,2024-06-23
252,Kim Morrow,stevenmoore@example.org,2025-04-08
253,Ashley Pacheco,bmendez@example.org,2023-01-27
254,Andrew Harper,sanchezbradley@example.com,2023-02-27
255,Scott Brown,jim95@example.net,2024-04-01
256,Erica Turner,valerieboyd@example.com,2023-05-11
257,Travis Hobbs,conniesimmons@example.com,2022-08-06
258,Mason James,heather62@example.com,2023-08-02
259,Kara Atkinson,meredith27@example.org,2024-02-22
260,Kristin Anderson,jonathanrivera@example.org,2025-03-22
261,Anna Hardy,brettbennett@example.net,2024-04-06
262,Chelsea Gill,timothybooth@example.com,2023-05-14
263,Christy Lee,burgesskaren@example.org,2024-07-17
264,Jennifer Allen,kimberly67@example.net,2024-05-26
265,Ian Andrade,ugarcia@example.com,2024-09-27
266,Dale Edwards,hartjeffrey@example.org,2022-07-03
267,Lauren Cortez,elijah53@example.com,2024-03-01
268,Juan Harding,jonathan77@example.com,2022-12-17
269,Caroline Cortez,iwhite@example.net,2025-04-30
270,Sara Jones,duranrobert@example.net,2023-02-24
271,Alexa Wagner,bruce97@example.net,2023-12-02
272,Juan Smith,amanda40@example.net,2024-11-23
273,Renee Browning,hullalice@example.org,2023-01-12
274,Robin Adams,zmiller@example.com,2024-02-25
275,Courtney Sutton DVM,davisnicholas@example.net,2023-11-19
276,Michele Miller,vnewman@example.net,2025-05-22
277,Stephanie Ellison,jasonparrish@example.net,2023-11-19
278,Benjamin Frost,whitemelissa@example.org,2025-05-04
279,Nicole Marquez,thickman@example.org,2024-02-24
280,Sarah Rhodes,patrick21@example.net,2024-09-10
281,Brent Hall,petersonkayla@example.net,2023-08-24
282,Alyssa Nelson,whenry@example.net,2025-04-12
283,Michael Guerrero,bartonkenneth@example.org,2024-08-05
284,Christian Dawson,jodistewart@example.org,2022-09-24
285,Jill Juarez,andersonjacob@example.com,2024-02-16
286,Ashley Davis,carlsonkristen@example.com,2022-06-29
287,Richard Hardy,ashleyjackson@example.com,2022-12-18
288,Derrick Thomas,ryanfisher@example.com,2024-10-20
289,Tony Le,mwheeler@example.com,2022-10-11
290,Travis Cook,vbrock@example.com,2023-06-17
291,Shannon Mccann,kevinmorrison@example.net,2023-01-22
292,Vincent Novak,jessica79@example.org,2023-06-08
293,Richard Diaz,brittanygardner@example.net,2024-10-04
294,Nicholas Hahn,samuelcarter@example.net,2022-08-30
295,Rebecca Chambers,cynthiaallen@example.net,2022-12-01
296,James Cole,iaguilar@example.net,2025-03-24
297,Jennifer Johnson,jacqueline89@example.net,2025-03-14
298,David Ortega,deborahwilliams@example.net,2024-06-27
299,Paul Sheppard,grodriguez@example.com,2023-02-14
300,Kristin Watts,seanmyers@example.net,2024-03-22
301,Haley Johnson,phillipssamantha@example.org,2022-10-21
302,Brenda Collins,hmueller@example.com,2023-07-02
303,Nathan Chavez,evanslisa@example.org,2022-07-10
304,Brian Marsh,zacharyarnold@example.com,2024-02-19
305,Crystal Sullivan,jacobsandoval@example.com,2022-07-17
306,Christina Vargas,nsmith@example.org,2023-04-17
307,Rebecca Ray,michaelgonzalez@example.org,2023-03-30
308,Kelsey Fowler,lcarr@example.org,2023-07-02
309,Lisa Cervantes,samantha91@example.net,2022-11-09
310,Eric White,williambarnes@example.org,2024-03-06
311,John Medina,angelaburns@example.org,2023-01-07
312,Lisa Glenn,washingtonjames@example.com,2025-05-07
313,Kathleen Cohen,cmckinney@example.com,2022-12-16
314,Rebecca Walker,hillamanda@example.org,2024-10-18
315,Patricia Simpson,armstrongjoseph@example.net,2024-12-04
316,Rodney Williams,bpayne@example.org,2024-08-30
317,Danielle Golden,colemichael@example.org,2023-10-10
318,Patricia Young PhD,michelle96@example.org,2024-04-21
319,Robin Trujillo,amanda98@example.org,2023-06-05
320,Donna Adams,taylorkaren@example.com,2025-03-18
321,Sharon Martinez DVM,dustinmorris@example.org,2024-09-27
322,Katherine Ray,courtney67@example.org,2024-05-10
323,Anna Robertson,heather57@example.com,2023-06-09
324,Raymond Oconnor,sreid@example.com,2025-01-02
325,Jennifer Donaldson,troymorris@example.com,2023-06-21
326,Kylie Washington,patricia00@example.org,2024-05-02
327,Alexis Noble,scottsmith@example.com,2023-01-23
328,Bonnie Santos,nancymcdowell@example.org,2024-06-02
329,Jacob Mckee,brettgarrett@example.net,2024-07-21
330,Matthew Padilla,lewischristian@example.net,2023-02-18
331,Alexandra Dominguez,mcneilrobert@example.org,2023-11-21
332,Brandon Shaffer,edwardsnicole@example.org,2023-08-09
333,Shelly May,caseyelliott@example.net,2024-05-28
334,Nathan Fuller,samanthajensen@example.com,2025-01-13
335,Brian Goodwin,bbell@example.com,2024-10-30
336,Matthew Wright,kimberly04@example.org,2024-01-04
337,Nicole Phillips,bowerslaura@example.org,2023-12-10
338,Jonathan Wheeler,hatfieldsarah@example.org,2023-08-13
339,Jennifer Payne,kathrynbest@example.org,2022-07-04
340,Dennis Williams,fryraymond@example.com,2024-05-04
341,Jennifer Miles,davidsonamanda@example.org,2023-04-16
342,Jorge Harris,amandamyers@example.net,2024-09-29
343,Maria Collins,pblair@example.org,2023-03-10
344,Audrey Salazar,parkerjudith@example.net,2022-12-25
345,Chad Smith,hbenton@example.net,2024-10-21
346,Carol Martinez,jessica10@example.com,2024-11-16
347,Austin Joseph,crawfordwilliam@example.org,2023-12-15
348,Holly Scott,shannonemily@example.org,2023-02-21
349,Amanda Roy,brandoncox@example.org,2022-12-29
350,Amanda Pratt,pwalker@example.com,2025-03-15
351,Roger Duncan,shawrachel@example.org,2023-02-15
352,Amber Morales,xcline@example.com,2023-06-09
353,Aimee Gonzalez,jodi37@example.com,2024-03-25
354,Raymond Gonzalez DVM,edwardrandolph@example.org,2023-02-26
355,Ryan Wiley,aaron64@example.org,2023-01-26
356,Mrs. Tonya Kaufman,jenniferdavis@example.org,2025-02-23
357,Mercedes Watson,carpenterwilliam@example.net,2024-11-30
358,Keith Graham,joelgreen@example.com,2025-03-26
359,Ronnie Nguyen,enelson@example.org,2022-11-12
360,Ashley Garcia,aowens@example.org,2024-01-24
361,Christine Parker,melissa12@example.net,2023-05-15
362,Lindsey Lewis,eddie35@example.com,2023-12-30
363,Debbie Ewing,cranemelissa@example.net,2024-09-12
364,Joel Lara,davidbrown@example.org,2022-11-06
365,Jacqueline Mccoy,aguilarjonathan@example.org,2022-07-09
366,Steven Ramos,christopherboone@example.com,2022-10-28
367,Amber Glass,zunderwood@example.com,2022-07-18
368,Carrie Lewis,joshuagriffin@example.org,2022-07-23
369,Danielle Phillips,eandrade@example.org,2022-09-20
370,Jason Day,crystalpham@example.org,2025-06-04
371,Heather Stephens,kcooper@example.net,2023-06-03
372,Alexander Harper,huangkimberly@example.org,2024-11-18
373,Hunter Silva,terrigarcia@example.net,2023-03-07
374,Raven Mclaughlin,barbaramcgrath@example.com,2023-07-09
375,Sarah Thompson,linda59@example.org,2024-07-25
376,Keith Thomas,marycochran@example.com,2024-01-31
377,Andrew Brown,andrewwoods@example.com,2025-03-18
378,Carlos Love,brian29@example.net,2025-03-17
379,Sarah Valencia,brookssheri@example.com,2024-03-19
380,Frank Daugherty,fconner@example.net,2023-05-29
381,Kristina Preston,jeffrey92@example.com,2023-05-18
382,Bethany Daniel,xrosales@example.net,2022-07-21
383,Tammy Ponce,daniellegarcia@example.com,2022-11-17
384,Cynthia Haas,daisymccarty@example.net,2024-06-19
385,Gabriela Smith,johnjones@example.com,2024-10-25
386,Amber Kim,acosta@example.com,2025-02-06
387,James Poole,franciscojones@example.org,2023-05-05
388,Trevor Jones,pamelamartin@example.org,2024-02-05
389,Anna Wheeler,bbush@example.net,2022-12-13
390,Brooke Garcia,terriortiz@example.net,2024-08-15
391,Deborah Campbell,codylong@example.net,2024-12-22
392,Isaac Patterson,madison97@example.org,2022-09-30
393,Mark Rowland,tanthony@example.com,2023-11-14
394,Deborah May,ylopez@example.com,2023-01-06
395,Jeremiah Baker,anne21@example.org,2024-06-17
396,Jennifer Avila,angelarandall@example.net,2023-09-17
397,Sharon Wells,thomasmiller@example.net,2022-07-24
398,Kellie Duncan,davidtodd@example.org,2025-04-21
399,Daniel Lee,hendersonvanessa@example.com,2023-01-23
400,Brittany Larson,renee11@example.com,2024-02-15
401,Shannon Stone,buchanancindy@example.net,2024-10-19
402,Chase Knight,buckleyanna@example.org,2024-10-24
403,Sheryl Humphrey,patrick79@example.net,2023-11-16
404,Jamie Montgomery,vwilliams@example.net,2023-03-03
405,Tammie Prince,morganlaura@example.com,2023-04-19
406,Michael Garcia PhD,kevinmanning@example.com,2023-04-07
407,Matthew Lopez,robinrussell@example.com,2024-09-25
408,Samantha Robertson,cameronmckinney@example.com,2022-11-11
409,Sherry Johnson,nancygonzalez@example.org,2023-03-16
410,Thomas Bush,micheal78@example.com,2024-05-12
411,Andre Watson,ethompson@example.net,2024-02-10
412,Ryan Green,mitchellpaul@example.org,2025-01-06
413,Cindy Walker,ericaadams@example.com,2023-12-30
414,Tracy Fleming,pbuck@example.org,2024-04-04
415,David Trujillo,jennifer46@example.com,2025-01-04
416,Daniel Turner,asilva@example.net,2025-06-15
417,Sara Hoffman,kenneth17@example.org,2023-06-19
418,Frederick Hill,jacob83@example.org,2024-11-14
419,Lindsay Guerrero,jenniferrios@example.com,2023-03-27
420,James Johnson,matthewreeves@example.net,2024-01-22
421,Susan Powers,megan82@example.com,2022-09-30
422,David Stokes,staceylam@example.net,2022-09-21
423,Patrick Parker,nathan94@example.com,2025-01-03
424,Sean Silva,kennedyjames@example.org,2025-01-21
425,Edwin Brown,derrickgonzalez@example.com,2025-06-01
426,Victoria Thomas,kimberlyfreeman@example.net,2025-06-01
427,Anthony Hayes,kathleenjackson@example.org,2023-12-04
428,Anita Mendez,epowell@example.com,2022-06-21
429,Monica Dodson,katherine83@example.org,2024-06-26
430,Danielle Steele,larry16@example.net,2024-03-22
431,Rodney Evans,stephen89@example.net,2023-06-21
432,Whitney Cooper,mhoward@example.org,2025-04-20
433,Jennifer Perez,jasonjohnson@example.net,2022-12-18
434,Matthew Johnson,kelsey90@example.net,2025-06-10
435,Martha Smith,butleromar@example.net,2023-03-20
436,Christine Jennings,turnerdorothy@example.net,2024-01-07
437,Mercedes Barnes,huntchristine@example.com,2022-10-18
438,Craig Gonzalez,marie35@example.net,2023-09-08
439,Joshua Lozano,arivera@example.org,2024-06-21
440,Sara Caldwell,stacychan@example.org,2024-08-17
441,David Hall,joseph01@example.org,2025-01-29
442,Heather Rhodes,grodgers@example.org,2022-06-26
443,Matthew Murphy,rfriedman@example.net,2022-09-25
444,Catherine Morales,ynelson@example.net,2025-01-03
445,Mariah Robles,andersonjessica@example.org,2022-10-07
446,Karen Carroll,ywhite@example.com,2024-04-16
447,Sheryl Acosta,timothyfreeman@example.com,2023-10-11
448,Matthew Smith,tiffanysantiago@example.com,2024-01-05
449,Lisa Reynolds,timothyalvarado@example.net,2023-08-11
450,Kristin Huerta,smithsarah@example.net,2025-01-01
451,Sheila Jones,vflores@example.com,2022-08-10
452,Mason Powell,christianwallace@example.net,2023-10-20
453,Jillian Wilson,bmcgee@example.org,2023-09-01
454,Joshua Petersen,pamela83@example.net,2024-06-20
455,Heidi Brown,meganrivera@example.net,2024-04-03
456,Heidi Chavez,malonejeffrey@example.com,2023-07-10
457,Rebecca Kelley,jacqueline02@example.com,2022-11-16
458,Mikayla Rodriguez,jacobconrad@example.com,2023-02-07
459,Cheryl Morgan,owilliams@example.net,2024-03-22
460,Joanna Barrett,tamarasmith@example.net,2022-08-08
461,Sara Webb,heatherthompson@example.org,2022-10-07
462,Lisa Morris,mbarnes@example.net,2024-09-28
463,Victor Waller,iballard@example.com,2024-04-06
464,Kayla Cameron,jennifer83@example.org,2023-01-31
465,Melissa Morse,tinasantos@example.org,2023-12-20
466,Erica Wilson,anna99@example.net,2024-08-02
467,Stephanie Ferguson,hstokes@example.org,2022-07-13
468,Michael Gonzalez,tonyavega@example.org,2024-12-21
469,Elizabeth Molina,howardshaun@example.net,2025-01-22
470,Sharon Newton,yyoung@example.net,2023-04-27
471,Tammy Hughes,tammy00@example.net,2023-03-18
472,Priscilla Berg,rhondabush@example.net,2023-07-24
473,Nancy Gonzalez,kellythompson@example.net,2022-09-05
474,Nancy Wilson,pattersonangela@example.org,2022-12-09
475,Abigail Owens,billmcfarland@example.net,2022-08-10
476,Lisa Stanley,jtyler@example.com,2022-09-03
477,Kelly Krueger,hartmanerik@example.net,2024-01-25
478,Daniel Lewis,mark43@example.net,2024-01-18
479,Samantha Zavala MD,sean99@example.org,2025-05-01
480,Erica Moon,cruzamber@example.com,2022-07-13
481,Patricia Robertson,stucker@example.net,2023-01-12
482,Tiffany Jackson,simsjason@example.net,2024-10-10
483,Jessica Garcia,elucas@example.net,2024-07-06
484,Mitchell Johnson,brownlaura@example.net,2022-09-01
485,Susan Russell,bmccoy@example.com,2022-07-04
486,Kimberly May,avilabrenda@example.net,2024-12-31
487,Jonathan Roberts,catherine47@example.com,2023-08-23
488,Kara Ferguson,julierobles@example.net,2023-05-05
489,Elizabeth Eaton,susan08@example.net,2022-11-17
490,Kenneth Long,torreskaitlin@example.net,2023-06-27
491,Matthew Hunt,jackjensen@example.com,2023-01-14
492,Robert Phelps,enewman@example.com,2024-06-21
493,Craig Carpenter,michael31@example.com,2024-04-24
494,Emily Hayes,heather29@example.net,2023-07-20
495,Jeffrey Smith,kristenjoseph@example.net,2023-10-06
496,Brandy Quinn,wford@example.com,2023-12-01
497,Matthew Miller,michele28@example.org,2023-03-31
498,Angela Jones,atkinsoncrystal@example.net,2024-03-11
499,Christy Johnson,amy87@example.net,2024-10-12
500,Daniel Barton,dennis88@example.org,2023-08-24
501,Mary Charles,katherinetaylor@example.org,2022-12-29
502,Mary Faulkner,ccrosby@example.org,2024-09-27
503,Dennis Young,aprilmoody@example.com,2023-11-12
504,Anthony Hooper,dakota84@example.net,2023-03-31
505,Carrie Valdez,briana18@example.com,2023-08-02
506,Kelli Gomez,tommy79@example.org,2023-12-18
507,Christopher Jones,jason22@example.com,2024-04-05
508,Mary Perry,jennifer77@example.com,2023-02-01
509,Roy Johnson,andersonbrittany@example.org,2024-05-05
510,Kenneth Brown,sandra86@example.net,2025-05-13
511,Sherry Luna,stacey37@example.net,2025-06-08
512,Carolyn Greer,laurahoover@example.org,2024-04-29
513,Carol Jennings,ecarlson@example.org,2023-08-04
514,Alan Mills,mserrano@example.org,2022-12-27
515,Linda Rich,davisdonna@example.net,2024-01-28
516,Todd Gregory,xboyd@example.org,2024-07-19
517,Todd Olson,zbell@example.net,2025-03-07
518,Laura Coleman,thomas31@example.com,2024-04-01
519,Deanna Smith,lanedavid@example.org,2023-08-01
520,Robert Ortiz,mooredenise@example.com,2023-03-29
521,Krystal Carr,afischer@example.net,2024-10-22
522,Mr. Justin King,becky62@example.net,2022-10-24
523,Richard Avery,lewisrichard@example.com,2024-11-09
524,Melinda Williams,aoconnell@example.org,2024-12-04
525,Kyle Davis,jeffrey19@example.org,2024-08-18
526,Jennifer Douglas,jennifer90@example.org,2024-05-17
527,Dakota Sandoval,james98@example.net,2024-07-20
528,Megan Ward,cantrellchristopher@example.com,2024-10-17
529,James Willis,mclaughlincasey@example.org,2024-02-08
530,Kristin Aguilar,sylvia43@example.net,2025-05-06
531,Jared Smith,richardrodriguez@example.org,2023-12-19
532,Bruce Palmer,nancy94@example.net,2023-10-14
533,John Sanchez,susan77@example.net,2025-01-15
534,Mr. James Kramer,ericahall@example.com,2023-09-11
535,Joseph Haynes,john16@example.net,2024-09-13
536,Justin White,michael94@example.org,2025-04-19
537,Susan Porter,jimmyallen@example.com,2023-01-28
538,David Montgomery,kimberlywilson@example.org,2024-06-25
539,Lisa Duran,charlesnathan@example.com,2023-12-07
540,Dr. Sheila Henry,raymond92@example.org,2024-01-13
541,Todd Johnson,phillip27@example.org,2024-07-20
542,Michael Smith,nicolasgarcia@example.com,2024-04-17
543,Joshua Young,vmullen@example.com,2023-01-03
544,Jason Goodwin,melissa47@example.org,2024-03-03
545,Melissa Olsen,linda86@example.com,2023-01-16
546,Nancy Kennedy,thompsonvictor@example.net,2024-01-03
547,Rachel Evans,rosshannah@example.org,2023-02-07
548,Ryan Davis,jordan58@example.net,2025-04-02
549,Alejandro Martinez,barbarasantos@example.net,2022-12-24
550,Heather Nunez,champton@example.org,2023-08-07
551,Mark Thomas,daniellemcfarland@example.com,2024-05-07
552,Sarah Jones,matthewedwards@example.net,2023-05-01
553,Matthew Nelson,xnorman@example.net,2024-03-20
554,Jennifer White,martinezjimmy@example.com,2025-04-11
555,Angela Jackson,davissharon@example.com,2024-02-07
556,James Hubbard,garciachristine@example.org,2024-06-02
557,Ellen Wright,scott22@example.net,2024-12-21
558,Matthew Dalton,michelle78@example.com,2024-02-07
559,Travis Ryan,owelch@example.net,2023-10-05
560,Kimberly Stout,zfernandez@example.org,2023-10-13
561,David Torres,millskatherine@example.org,2023-06-27
562,Adam Weeks,xevans@example.com,2024-11-06
563,Rebecca Kelley,robertcastro@example.com,2023-03-16
564,Maria Clayton,josehenderson@example.org,2024-01-03
565,Lisa Benson,justin84@example.com,2023-01-08
566,Chad Rodriguez,rwilliamson@example.net,2024-04-28
567,Alec Williams,lopezcurtis@example.com,2022-10-31
568,Adam Davis,snydermatthew@example.com,2024-10-24
569,Mr. Michael Johnson Jr.,brianrowe@example.org,2024-02-01
570,Steven Wright,hclayton@example.net,2023-03-15
571,Jessica Rojas,gonzalezjill@example.org,2024-01-08
572,Mrs. Melanie Collins,eric08@example.net,2022-10-27
573,Mr. Isaac Williams,teresayoung@example.com,2023-06-06
574,Donald Wilson,albertwilliams@example.net,2023-11-18
575,Jacqueline Davis,vincentparks@example.com,2025-04-01
576,Lori Brown DDS,martinezjesse@example.net,2024-10-27
577,Renee Gonzales,andrewgray@example.net,2022-11-10
578,Karina Kim,amy73@example.net,2023-01-06
579,Nicholas Hill,caseymoore@example.com,2024-11-30
580,Jordan Parsons,bgross@example.net,2025-01-10
581,Cynthia Le,rlee@example.com,2024-10-02
582,Douglas Ortiz,daniel81@example.org,2024-12-17
583,Shane Harris,clee@example.net,2024-05-19
584,John Hanson,brandon39@example.net,2022-09-01
585,Christine Henry,mcdonalddanielle@example.com,2024-02-17
586,Jennifer Wood,colonjoseph@example.org,2024-08-28
587,Angela Lewis,garciajerry@example.com,2023-01-09
588,Danielle Garrett,angelagrant@example.net,2022-10-09
589,Heather Ellis,kandrade@example.org,2024-02-08
590,Mary Ferguson,umahoney@example.net,2025-06-06
591,Jacob Duran,umckenzie@example.net,2023-03-06
592,Jaime Pierce,michael77@example.com,2022-06-16
593,Duane Smith,victoriaturner@example.com,2025-05-29
594,Ethan Ingram,samantha88@example.net,2025-03-26
595,Andrew Kelly,josephpreston@example.org,2023-02-26
596,Anna Ross,jessicacummings@example.com,2022-12-22
597,Melissa Johnston,larsonkevin@example.net,2024-11-17
598,Richard Weeks,michael66@example.org,2025-01-24
599,Matthew Guzman,walterscrystal@example.org,2023-05-16
600,Joshua Hernandez,ericnunez@example.com,2025-05-15
601,Laura Davis,zroberts@example.org,2022-11-07
602,Kenneth Williams,zbaker@example.net,2023-10-05
603,Pamela Castillo,tonypearson@example.org,2024-02-21
604,Kelly Allen MD,kmorris@example.org,2022-10-17
605,Jacob Lee,brittney04@example.org,2025-06-02
606,Wanda Ramos,scottglass@example.org,2023-01-20
607,Peter Farrell,singhjohn@example.net,2025-03-27
608,Samantha Smith,torresthomas@example.com,2023-01-31
609,Christina Mills,ana92@example.net,2024-07-20
610,Kevin Alvarado,scottbrian@example.org,2024-10-27
611,Amy Pena,jonesdonna@example.net,2025-01-04
612,Sharon Smith,yhall@example.net,2025-05-21
613,Ethan Delacruz,lopezvincent@example.com,2024-02-20
614,Amanda Nielsen,matthew62@example.org,2023-07-01
615,Mario Young,lisa46@example.org,2025-04-15
616,Courtney Peterson,fsandoval@example.net,2023-08-08
617,Lisa Garrett,robertberry@example.com,2025-05-14
618,Erin Daniels,denisecarpenter@example.net,2024-11-08
619,Ellen Thornton,russellstout@example.org,2024-06-04
620,Brooke Jones,whitemary@example.org,2024-08-20
621,Sheryl Gutierrez,vturner@example.net,2025-04-03
622,Richard Rodriguez,anthonyodom@example.net,2023-04-04
623,Crystal Hall,howardhailey@example.com,2022-11-09
624,Julie Banks,melissahenry@example.org,2022-12-12
625,Jason Novak,stephanie33@example.org,2022-08-27
626,Victoria Camacho,dwatts@example.org,2023-09-27
627,Lisa Holloway,phillip99@example.net,2024-01-12
628,Rachel Meyer,cbryant@example.org,2024-01-05
629,Nicholas Grant,leescott@example.com,2024-10-10
630,Christopher Phillips,vaughnrebecca@example.com,2024-12-11
631,Nathan Wilson,phillipmorris@example.org,2022-12-29
632,Michelle Harris,udavis@example.net,2024-05-26
633,Carly Quinn,wilsonshannon@example.com,2022-09-17
634,Monica Hester,nicholasjames@example.org,2025-03-11
635,Mary Hernandez,haroldjoseph@example.com,2023-05-19
636,Tonya Roberts,davidanderson@example.org,2022-06-19
637,Alexandria Jimenez,astephens@example.net,2025-02-07
638,Kevin Alvarez,mramos@example.net,2022-06-23
639,Diana Fuller,brandonhernandez@example.net,2023-07-03
640,Andrew Lane,mark10@example.org,2023-09-15
641,Michael Carr,tammycurry@example.com,2025-04-01
642,Edwin Richardson,wwilkins@example.com,2024-12-26
643,John Martinez,mark68@example.org,2024-07-17
644,Ashley Blair,webbhaley@example.net,2023-04-26
645,Emily Fox,sara99@example.com,2024-01-06
646,Katherine White,jeanettekrause@example.org,2022-10-23
647,Robert Mclaughlin,laurenduarte@example.com,2022-08-04
648,Robert Lewis,hannahking@example.org,2023-05-19
649,Erica Smith,matthew99@example.org,2024-12-13
650,Roy Nielsen,zhendricks@example.org,2024-05-23
651,Mr. Steven Herrera,steven60@example.net,2023-05-10
652,Emily Herrera,barbararivera@example.com,2022-08-27
653,Ryan Morgan,ksims@example.net,2024-04-09
654,Bruce Patton,janet50@example.com,2023-09-12
655,David Hayes DVM,aliciathompson@example.com,2024-10-23
656,Susan Wallace,lloydrebecca@example.org,2023-01-10
657,Morgan Mills,douglas18@example.net,2025-06-08
658,Andrew Hughes,cookpamela@example.org,2024-01-07
659,Emily Lane,danielle35@example.org,2023-01-13
660,Francis Alexander,nelsoneric@example.org,2022-07-02
661,Kayla Clark,andrea42@example.net,2024-11-13
662,Carolyn Collins,amber02@example.org,2023-11-13
663,Ashley Brown,tmyers@example.net,2025-02-16
664,Melissa Griffin,larry38@example.org,2025-05-18
665,Julie Anderson,tdavis@example.net,2024-05-22
666,Julie Meza,michellejensen@example.com,2023-08-19
667,Mary Mccormick,shawn01@example.com,2022-10-17
668,Ryan Campbell,cassandra28@example.org,2023-09-03
669,Ashley Hawkins,sparksamanda@example.com,2024-03-24
670,David Moore,vreyes@example.org,2024-11-24
671,Rachel Graham,amy32@example.net,2024-06-18
672,Michelle Copeland,vargassteven@example.net,2022-10-01
673,Eric Sullivan,jenningscandace@example.com,2023-06-09
674,Amy Robinson,paigeberger@example.net,2024-11-19
675,Mary Chavez,peter97@example.org,2023-01-27
676,Elizabeth Bauer,samantha65@example.org,2024-03-15
677,Kayla Abbott,bryan80@example.org,2024-07-25
678,Heather Callahan,youngjacqueline@example.com,2024-05-01
679,Jennifer Graham,elainewells@example.org,2024-02-14
680,Heather Butler,whitney22@example.org,2022-09-02
681,Nathan Tucker,iproctor@example.org,2022-11-13
682,Shannon English,dhanson@example.net,2023-09-23
683,Janice Perez,kjacobs@example.com,2024-12-30
684,Jonathan Jenkins,arthur09@example.com,2024-07-27
685,John Vaughn,jessicafox@example.com,2023-11-07
686,Steve Davis,qmccoy@example.net,2022-09-09
687,Rebecca Edwards,bergeramanda@example.org,2023-11-11
688,Julie Gross,zgomez@example.com,2023-04-28
689,Thomas Curry,bryan79@example.org,2024-03-04
690,Dorothy Mclaughlin,mitchellchristopher@example.net,2022-09-08
691,Darlene Gilbert,michaela01@example.net,2022-12-24
692,Brittany Griffin,josehaynes@example.com,2022-12-31
693,Amanda Riggs,caitlinunderwood@example.com,2024-09-18
694,James Guerrero,jasonnavarro@example.com,2022-08-14
695,Robert Williams,tross@example.com,2024-09-10
696,Kim James,jwells@example.net,2025-01-24
697,Timothy Cole,suzanne01@example.net,2024-05-14
698,Jessica Hull,matthew41@example.com,2024-06-02
699,Raymond Curry,aprilbyrd@example.org,2023-05-25
700,Adam Jones,gdavis@example.net,2023-10-17
701,Douglas Lee,harveybrian@example.net,2024-06-04
702,Tiffany Little,millercassandra@example.com,2024-06-04
703,Kylie Coffey,dominguezjon@example.com,2024-06-08
704,Jesse Carney,qschwartz@example.com,2023-03-25
705,Destiny Brown,dcook@example.com,2025-04-28
706,Jeremiah Vasquez,chelseywhite@example.com,2022-10-12
707,Jessica Mendez,gainesjennifer@example.org,2022-07-24
708,Nicholas Waters,mosleyeduardo@example.net,2022-06-16
709,James Hernandez,rebecca90@example.net,2024-07-30
710,Karen Powell,fernandezaaron@example.net,2024-11-28
711,Mr. Timothy Howard,richard15@example.net,2025-01-06
712,Ryan Hodges,deborah28@example.org,2025-05-11
713,Elizabeth Price,mccoymichael@example.org,2025-02-10
714,Collin Johnson,cortezbrittany@example.com,2023-08-16
715,Maria Porter,blevy@example.org,2023-06-22
716,Nathan Sullivan,lindsaycontreras@example.com,2025-04-11
717,Kimberly Figueroa,sandyjohnson@example.org,2023-12-03
718,Terry Montgomery,jacquelineanderson@example.org,2024-05-09
719,Samantha Davis,marybrown@example.org,2022-10-19
720,Lisa Brown,ronaldcain@example.net,2024-06-28
721,William Johnston,marcoconnell@example.org,2024-09-30
722,Gabriela Martinez,katherinejackson@example.com,2024-02-12
723,Timothy Williams,moodycrystal@example.com,2024-10-15
724,John Smith,saramann@example.net,2025-02-12
725,Robert Barton,jamiebowman@example.net,2023-10-22
726,Christopher Holt,jennifersalazar@example.org,2024-05-03
727,Hannah Smith,jamesdowns@example.org,2024-04-24
728,Victoria Romero,qtownsend@example.org,2023-04-14
729,Robert Jennings,kjimenez@example.net,2025-03-23
730,Jackson Clark,matthew70@example.org,2024-09-04
731,Casey Floyd,erobertson@example.org,2024-08-14
732,Erika Gonzalez,jerry15@example.org,2022-10-01
733,Sheila Bennett,charlesrichards@example.org,2025-02-15
734,Timothy Gibson,dbrooks@example.net,2023-01-14
735,Derrick Rogers,schwartzbrian@example.org,2022-10-15
736,Jason Wolf,oliviamunoz@example.net,2025-04-25
737,Laura Tran,christophervincent@example.com,2025-01-15
738,John Ford,blairjill@example.org,2023-03-14
739,Daniel Pennington,robinvillanueva@example.com,2025-05-25
740,John Mack,simmonsphillip@example.net,2024-12-02
741,David Hansen,steelerichard@example.org,2022-11-08
742,Matthew Davis,kcaldwell@example.net,2023-11-01
743,Lauren Bray,tingram@example.com,2023-01-04
744,Lori Padilla,daltonchad@example.net,2023-06-15
745,Jeffery Nelson,kristinmiller@example.com,2024-08-30
746,Tony Leonard,rodriguezmichael@example.net,2022-07-30
747,Matthew Bush,devonrogers@example.net,2022-10-18
748,Todd Carpenter,karenhodges@example.com,2023-07-07
749,Michael Ramirez,watsonshaun@example.net,2024-01-14
750,Michael Gregory,shannon51@example.org,2025-02-17
751,Bobby Hurst,susan11@example.org,2023-04-14
752,Kathleen Golden,cartertara@example.net,2025-04-02
753,Jason Rojas,carterbryan@example.org,2024-12-17
754,Gabriella Lane,todd88@example.com,2023-10-30
755,Stephanie Parker,jeremy54@example.org,2022-11-25
756,Tyler Montgomery,jennifermitchell@example.org,2024-12-21
757,Mary Hernandez,darylchaney@example.net,2022-11-01
758,Cody Hart,wadetiffany@example.org,2023-07-29
759,Carla Turner,sullivanvictor@example.org,2025-04-19
760,Brittney Cordova,deborah47@example.com,2025-05-13
761,Wendy Estrada,hmorgan@example.net,2023-11-22
762,Michael Wilson,moralesmary@example.com,2023-07-12
763,Lee Lee,kimberlywang@example.org,2022-07-10
764,Jill Powers,daughertypreston@example.com,2023-05-30
765,Terri Kerr,raymond65@example.com,2023-07-29
766,Gregory Madden,lewispamela@example.net,2025-06-07
767,Donna Shaffer,achandler@example.org,2024-12-17
768,Briana Turner,carl96@example.org,2022-06-23
769,Denise Thompson,wpage@example.org,2023-01-20
770,Donna Henry,mary47@example.net,2024-09-03
771,Rick Moore,stephanie71@example.net,2024-06-14
772,Christopher Knox,anthonyhubbard@example.com,2025-06-09
773,Patrick Perkins,ooneill@example.net,2023-11-19
774,Barbara Hunt,brucefrancisco@example.org,2022-11-23
775,Michael Howard,nelsonrobert@example.com,2022-08-08
776,Mark Jones,katiewhite@example.org,2024-04-02
777,Frank Stewart,joseph51@example.net,2024-03-12
778,Alexandria Holmes,kimberly65@example.org,2022-10-06
779,Daniel Lopez,butlersabrina@example.org,2024-11-29
780,Karen Collins,don79@example.net,2024-09-29
781,Michael Johnson,walkermelissa@example.org,2024-07-09
782,Daniel Zavala,yvazquez@example.org,2022-09-09
783,Nicole Williams,johnsondonna@example.net,2022-08-19
784,David Jones,websterkimberly@example.net,2023-01-27
785,Cathy Bell,thomasjulie@example.com,2025-04-20
786,Christopher Mason,williamjones@example.net,2024-09-29
787,Michelle Brandt,rachelmedina@example.net,2022-10-02
788,Jonathan Zimmerman,helen27@example.net,2025-04-30
789,Henry Gray,willierussell@example.com,2022-10-29
790,Chad Farmer,angela01@example.com,2023-12-09
791,Jesus Fitzgerald,aperez@example.com,2025-05-30
792,Scott Jacobson,xcrosby@example.org,2022-06-30
793,Megan Sanders,wilsonralph@example.net,2024-03-24
794,Timothy Levine,coxjames@example.org,2024-03-29
795,Barbara Massey DDS,kathy99@example.com,2024-09-21
796,Terri Kelly,garcher@example.com,2022-11-24
797,Bryan Burns,courtneytaylor@example.org,2024-09-01
798,Kathleen Johnson,patrickshelton@example.org,2023-05-13
799,Paige Guerrero,msparks@example.com,2024-06-10
800,Dennis Cooper PhD,cisnerosanthony@example.com,2025-02-04
801,Jerry Farrell,cstevens@example.org,2024-02-16
802,Elizabeth Mccarthy,tjordan@example.net,2023-08-16
803,Laura Henry,kalvarez@example.net,2022-08-16
804,Kevin Gray,katie45@example.org,2022-07-16
805,Russell Bailey,hubbardcolleen@example.com,2022-09-30
806,Hunter Bell,johnwong@example.net,2022-09-17
807,Sheila Wilson,andrewnguyen@example.com,2024-06-05
808,Jose Fisher,dominguezbrianna@example.com,2023-08-04
809,Kenneth Stokes,vazquezjamie@example.com,2023-12-19
810,Gina Mendez,tara37@example.net,2024-12-30
811,Sara Herrera,joseph49@example.com,2024-11-13
812,Tina Robbins,vargasjoshua@example.net,2024-11-10
813,Daniel Flynn,william46@example.net,2024-01-28
814,James Weber,jpowers@example.org,2025-02-05
815,Kelli Lopez,vlewis@example.com,2023-04-05
816,Rhonda Farrell,umichael@example.net,2022-08-20
817,Joel Allen,megan65@example.org,2024-05-10
818,Debra Mitchell,jonathanburke@example.com,2023-03-04
819,Alexis Robles,steven86@example.com,2024-05-25
820,Christopher Taylor,kristine48@example.org,2024-05-22
821,Nathan Casey,heathchristopher@example.net,2023-05-08
822,Troy Mosley,sandersmary@example.org,2023-03-01
823,Kathryn Martinez,tyler13@example.net,2022-10-28
824,Erin Silva,vshaffer@example.org,2025-04-06
825,Brian Lewis,scott49@example.org,2023-12-05
826,Travis Stewart,pwells@example.com,2025-02-03
827,Heidi Baldwin,andrew90@example.net,2024-06-10
828,Melissa Mccormick,johnnycruz@example.net,2025-05-01
829,Robert Martinez,miaprice@example.com,2025-03-28
830,Elizabeth Mayer,kennethvillarreal@example.org,2025-03-15
831,Sherry Wang,rmccormick@example.org,2024-12-04
832,Kaitlin Gutierrez,jennifer12@example.net,2023-03-29
833,Jason Daniel,shawn00@example.net,2024-05-19
834,Rachel Taylor,tgonzalez@example.com,2024-03-08
835,David Reeves,melaniejennings@example.com,2023-10-23
836,Brandi Thompson,lauren31@example.com,2023-07-23
837,James Davenport,andrewjohnson@example.net,2024-05-25
838,Susan Mccann,josechristian@example.org,2023-08-29
839,David Davis,george91@example.org,2024-08-11
840,Thomas Chavez,twilson@example.org,2023-01-10
841,Rachael Roberts,breyes@example.org,2024-04-03
842,Diane Byrd MD,bsparks@example.com,2025-05-20
843,Jerry Wright,emiller@example.org,2025-01-26
844,Jennifer Lewis,verickson@example.net,2023-03-23
845,Anthony Cook,thomasgomez@example.net,2025-04-10
846,Linda Goodman,smithwilliam@example.com,2023-05-13
847,Jacob Donaldson,carpenterjorge@example.net,2023-12-08
848,John Davis,hthomas@example.com,2022-08-03
849,Seth Davenport,sara44@example.net,2024-12-11
850,Kelly Graham,leslievang@example.org,2024-02-15
851,Mallory Gonzales,edgarhall@example.org,2023-11-13
852,John Wilson,wwilliams@example.net,2024-02-20
853,Brian Cortez,daviddavis@example.com,2022-12-30
854,Jordan Nelson,brandybonilla@example.net,2024-10-03
855,Thomas Sanchez,vrhodes@example.org,2023-04-23
856,Mrs. Jacqueline Hickman,hooderic@example.org,2023-11-02
857,Karen Fuller,brooke05@example.org,2024-06-04
858,Erika Dennis,jasonwilliams@example.net,2023-04-22
859,Natasha Payne,qdavis@example.org,2023-03-06
860,Jennifer Smith,frankchan@example.com,2024-05-25
861,Brittany Evans,tfitzgerald@example.net,2024-04-07
862,Brendan Richardson,tracymcclure@example.com,2023-04-06
863,Ann Henderson,christina66@example.org,2022-07-30
864,John Walker,sarahrose@example.net,2024-01-12
865,Jeffrey Solomon,ievans@example.net,2025-03-01
866,Kelly Phillips,arnoldsamantha@example.net,2022-10-11
867,Brandon Guerrero,michael91@example.net,2022-07-03
868,Julie Hartman,awilliams@example.net,2023-05-08
869,Jordan Santiago,matthew23@example.org,2022-09-09
870,Mrs. Megan Hamilton,smithdarryl@example.org,2024-06-03
871,Jared Sandoval,nturner@example.com,2024-07-11
872,Megan Ballard,martinezalexander@example.org,2024-11-26
873,Chelsea Johnson,pwong@example.org,2023-10-06
874,Rachel Lee,kayla27@example.com,2022-07-09
875,Christian Park,cruiz@example.net,2023-03-08
876,Ronald Myers,alan66@example.com,2024-08-31
877,Kristen Roberts,gross@example.net,2024-08-18
878,Susan Dillon,jenniferrice@example.com,2024-03-08
879,Debra Wong,nwilson@example.net,2023-07-01
880,Alisha Roberts,taylorkim@example.net,2023-02-11
881,Gina Guzman,sanderson@example.net,2024-08-03
882,Sandra Nunez,laura29@example.org,2023-04-21
883,Mary Anderson,ericvasquez@example.com,2025-04-14
884,David Hawkins DVM,nicole52@example.org,2024-12-09
885,Amanda Brown,owilson@example.org,2024-02-21
886,Dr. Richard Hammond,paula89@example.net,2022-10-08
887,Tracy Lloyd,villegaskimberly@example.net,2024-10-20
888,Samantha Williams,jacksondavid@example.org,2025-03-10
889,Edgar Alexander,goconnor@example.org,2024-05-25
890,Chad Allison,xmontes@example.org,2023-03-11
891,Gloria Wagner,adamsjennifer@example.com,2023-07-16
892,Brittany Molina,icobb@example.com,2023-09-12
893,Jimmy Phelps,sherry72@example.org,2024-08-10
894,Andrea Morgan,kholden@example.com,2022-08-22
895,Mary May,levinetina@example.net,2025-01-30
896,Jennifer Blackwell,jennifer55@example.org,2024-12-08
897,Lisa Thomas,ngriffin@example.net,2024-04-30
898,Jessica Reed,trowe@example.org,2022-07-26
899,Neil Singh,abigailfernandez@example.org,2022-09-25
900,Kelly Sherman,andrewzamora@example.net,2024-03-26
901,Raymond Barber,dennismckenzie@example.com,2024-05-03
902,Anthony Curtis,westashley@example.org,2023-10-25
903,Dr. Virginia Cunningham,michaelmitchell@example.net,2024-03-04
904,James Mclaughlin,murphybrandi@example.com,2023-10-26
905,Jeffery Jenkins,brownpamela@example.com,2023-02-06
906,Michael Powell,lwiggins@example.com,2024-05-13
907,Melissa Gould PhD,jcolon@example.net,2022-11-02
908,Beverly Bush,bensonstanley@example.org,2024-09-11
909,Jaclyn Crane,xrodriguez@example.net,2023-04-29
910,Autumn Torres,kevin70@example.org,2022-11-18
911,Amber Shannon,jason70@example.org,2024-02-06
912,Andrew Olson,ariel56@example.com,2024-12-16
913,Brandi Taylor,qgill@example.com,2022-11-26
914,Ann Weber,zhughes@example.com,2024-01-29
915,Stacy Fitzgerald,clinejasmine@example.net,2024-05-06
916,Ellen Brewer,leechristine@example.net,2024-09-23
917,Kelly Christensen,martinezsharon@example.org,2025-05-05
918,Daniel Gallegos,imiller@example.net,2023-06-02
919,Katherine Peck,samuel60@example.net,2023-05-29
920,Brian Garcia,justinwhite@example.org,2022-12-02
921,Meghan Brown,howard04@example.com,2022-10-02
922,Steven Scott,williamsjohn@example.net,2024-03-19
923,Paul Cruz Jr.,floresangela@example.org,2023-11-28
924,David Mercado,angela91@example.org,2024-09-29
925,Beth Carroll,omiller@example.net,2023-01-24
926,Jacqueline Galloway,amandahenderson@example.net,2023-10-24
927,John Calderon,denise20@example.org,2025-04-04
928,Mr. Ryan James,megan39@example.net,2023-04-20
929,Joseph Jones,fosterdavid@example.org,2024-08-18
930,Dr. Christine Wagner PhD,cynthia74@example.org,2024-06-10
931,Daniel Haley,allen20@example.net,2023-11-20
932,Megan Gutierrez,ifarmer@example.org,2024-10-25
933,Angela Johnson,wchambers@example.com,2024-12-08
934,Christopher Tate,martinezmitchell@example.org,2023-10-16
935,Alejandro Campbell,james94@example.net,2023-02-13
936,Tracy Johnson,tconway@example.net,2023-01-31
937,Roberto Foster,ashley72@example.net,2023-01-14
938,Megan Morrison,cameronanderson@example.org,2022-11-02
939,Savannah Ibarra,james08@example.net,2023-03-20
940,Jordan Pace,nashmarcus@example.com,2023-04-12
941,Julie Ward,stephensonjeffrey@example.com,2025-03-18
942,Emily Myers,christopher90@example.net,2023-02-18
943,Tina Stark,frankcollins@example.net,2024-05-01
944,Jeffrey Johnson,mary31@example.com,2023-03-04
945,Anthony Cook,sherryparsons@example.net,2023-10-09
946,Jeremy Martinez,rangelnicholas@example.net,2022-08-26
947,Thomas Ramos,cheryl61@example.org,2024-06-27
948,Elizabeth James,williamsonrobert@example.net,2024-10-26
949,Jody Marshall,nhobbs@example.org,2023-06-23
950,Rachel Gibson,briana11@example.org,2024-03-29
951,Richard Lee,danascott@example.com,2023-11-25
952,Charlene Taylor,brownlarry@example.com,2023-12-30
953,Heather Silva,dylanparker@example.com,2023-05-01
954,Kelly Sandoval,brianhunter@example.net,2025-01-12
955,Craig Gonzalez,kristenpeterson@example.net,2023-11-19
956,Julie Schwartz,christina65@example.org,2022-10-08
957,Susan Crawford,fowlerheather@example.com,2024-04-29
958,Nicholas Cisneros,lindsay63@example.com,2023-01-03
959,Heidi Jones MD,thomasscott@example.net,2024-03-18
960,Amanda Johnson,justinrobinson@example.com,2024-08-11
961,Julian White,thompsonjose@example.org,2022-07-09
962,Jamie Cobb,morganjason@example.com,2023-03-06
963,Mary Pugh,ejohns@example.org,2022-11-21
964,Rebecca Lee,ubenson@example.net,2023-09-29
965,Tammy Hines,melissaphillips@example.org,2023-06-10
966,Robert Salas,fclark@example.com,2024-10-29
967,Carol Hughes,victor72@example.com,2024-08-04
968,Karen Sosa,zadams@example.net,2025-03-21
969,Amanda Robinson,shannonyoung@example.org,2023-05-17
970,Laura Walls,jonathan12@example.org,2023-05-05
971,Crystal Williams,ronald76@example.com,2023-07-23
972,Mr. Alexander Alexander III,howardchristopher@example.net,2023-12-30
973,Rachel House,wilsonmichael@example.net,2023-01-21
974,Gary Turner,james92@example.net,2024-09-03
975,Alexa Evans,krista66@example.net,2024-09-23
976,Matthew Hays,michelleperez@example.net,2024-09-14
977,Jose Hartman,dsharp@example.com,2024-10-30
978,Cole Carrillo,cclark@example.net,2022-07-18
979,Shane Torres,porterdonna@example.com,2023-06-23
980,Michael Powell,mark09@example.org,2025-03-22
981,Troy Rivera,nbaird@example.com,2022-08-24
982,John Murphy,tfowler@example.org,2022-12-20
983,Cassandra Serrano,ocampbell@example.com,2024-06-07
984,Anthony Stone,markbrowning@example.com,2022-12-05
985,Joshua Mendoza,pricerebecca@example.org,2022-11-05
986,Jeffrey Mckinney,kmoore@example.com,2024-03-20
987,Melinda Hill,rittersean@example.com,2024-04-08
988,Gary Carroll,kstevens@example.org,2024-09-01
989,Stanley Bryant,peter26@example.org,2022-12-29
990,Jessica Cruz,hollydavis@example.net,2025-04-17
991,Seth Hill,elizabeth13@example.com,2023-09-09
992,Barbara Wood,gordonkimberly@example.com,2023-10-23
993,Jonathan Murray,fowleremma@example.com,2023-08-07
994,Savannah Sanders,kingjenna@example.org,2023-06-09
995,Kari Jones,jenniferkim@example.com,2024-12-01
996,Carolyn Smith,thompsondavid@example.net,2023-08-18
997,Phillip Byrd,scottthompson@example.net,2022-07-23
998,Cindy Horton,myerskyle@example.org,2024-04-01
999,James Harris,nicholasallen@example.org,2022-07-03
1000,Adrian Hoover,walkernicole@example.net,2022-12-16
